,Variable,total_[m3pd],total_[MGD],pct_of_pcip
0,actual_et,228357.81660240339,60.32575314762808,0.14945094114199955
1,direct_net_infiltation,37820.95261279446,9.991238684419812,0.024752281515769272
2,direct_soil_moisture,2481.585301696323,0.6555654829436609,0.00162409706127294
3,interception,125159.061658631,33.063526224518434,0.08191153618314587
4,net_infiltration,864862.6913596585,228.4725524258971,0.5660175995085394
5,rainfall,1490157.4920691373,393.657963432749,0.9752477184842308
6,runoff,312768.37647391704,82.6246640131492,0.20469423345760862
