,Variable,total_[m3pd],total_[MGD],pct_of_pcip
0,actual_et,229617.48273991173,60.65852173681135,0.1497596666914762
1,direct_net_infiltation,43082.316837173414,11.381144071246435,0.028098877022965412
2,direct_soil_moisture,5912.410882730037,1.5618937189258806,0.0038561553439885395
3,interception,124448.24054451099,32.87574715174342,0.08116684671348463
4,net_infiltration,857705.2851040034,226.58176572378167,0.5594071326101433
5,rainfall,1490157.4920691373,393.657963432749,0.9719011229770346
6,runoff,329700.91031888284,87.0977662353243,0.2150354487300097
