OID,SHED_NAME,ZONE_CODE,COUNT,AREA,MIN,MAX,RANGE,MEAN,STD,SUM
0,Tafuna Plain,1,2780,6950000.000000000000000,3.140000104900000,89.500000000000000,86.359999895100003,14.989722959800000,6.943371047590000,41671.429828200001793