,Variable,total_[m3pd],total_[MGD],total_[Mld],pct_of_pcip
0,actual_et,209823.56851481594,55.42952278624122,209.82346985026538,0.20872067656035245
1,direct_net_infiltation,50416.33067084709,13.318585559758334,50.4163069637648,0.05015132819346085
2,direct_soil_moisture,5912.410882730037,1.5618937189258806,5.912408102559218,0.005881333580784403
3,interception,102393.42510404103,27.049481286297745,102.39337695596436,0.10185521633399415
4,net_infiltration,586413.1434735219,154.9139638048894,586.4128677266664,0.5833307903207925
5,rainfall,954867.7263408432,252.24936726456832,954.8672773369696,0.9498486718065392
6,runoff,103310.20830029093,27.29166978507446,103.31015972111872,0.10276718065875937
