OID,SHED_NAME,ZONE_CODE,COUNT,AREA,MIN,MAX,RANGE,MEAN,STD,SUM
0,Tafuna Plain,1,2780,6950000.000000000000000,1.500000000000000,54.689998626700003,53.189998626700003,9.072633089180000,4.530484841060000,25221.919987900000706