OID,SHED_NAME,ZONE_CODE,COUNT,AREA,MIN,MAX,RANGE,MEAN,STD,SUM
0,Leone,1,1126,2815000.000000000000000,2.579999923710000,162.789993285999998,160.209993362000006,36.519262895700003,18.519650565500001,41120.690020599999116