,Variable,total_[m3pd],total_[MGD],total_[Mld],pct_of_pcip
0,actual_et,208341.38593958548,55.03797157295936,208.34128797199608,0.1965083145674086
1,direct_net_infiltation,45467.194577601265,12.011162119224258,45.4671731977327,0.04288481491211597
2,direct_soil_moisture,2481.585301696323,0.6555654829436609,2.4815841347897636,0.0023406398248354133
3,interception,105535.59020571553,27.879553490932373,105.53554058011032,0.09954153306926561
4,net_infiltration,626131.2891645114,165.40638787902526,626.1309947411411,0.5905691938101816
5,rainfall,1014749.4501899551,268.0684451692479,1014.7489730281228,0.9571151850878841
6,runoff,112406.92800851175,29.6947689026613,112.40687515182312,0.10602260260982417
