,Variable,total_[m3pd],total_[MGD],total_[Mld],pct_of_pcip
0,actual_et,208721.57375580247,55.13840656875709,208.72147560943878,0.20880182993997493
1,direct_net_infiltation,44747.90832962142,11.821146794661644,44.747887287980134,0.04476511448760314
2,direct_soil_moisture,2481.585301696323,0.6555654829436609,2.4815841347897636,0.0024825395038107897
3,interception,103020.39313217846,27.215108717228766,103.02034468928495,0.10306000582527941
4,net_infiltration,584530.065830202,154.41650731857817,584.529790968819,0.5847548253113302
5,rainfall,954867.7263408432,252.24936726456832,954.8672773369696,0.9552348855123969
6,runoff,96034.92326528777,25.369742803856276,96.03487810714559,0.09607184995355424
