OID,SHED_NAME,ZONE_CODE,COUNT,AREA,MIN,MAX,RANGE,MEAN,STD,SUM
0,Leone,1,1126,2815000.000000000000000,2.309999942780000,60.240001678500001,57.930001735700003,12.706287726199999,7.733740612100000,14307.279979700000695