OID,SHED_NAME,ZONE_CODE,COUNT,AREA,MIN,MAX,RANGE,MEAN,STD,SUM
0,Tafuna Plain,1,2780,6950000.000000000000000,3.119999885560000,85.160003662099996,82.040003776600003,15.024773441000001,6.725356936070000,41768.870166100001370