OID,SHED_NAME,ZONE_CODE,COUNT,AREA,MIN,MAX,RANGE,MEAN,STD,SUM
0,Leone,1,1126,2815000.000000000000000,16.209999084500001,214.820007323999988,198.610008240000013,48.844840236099998,23.237063113600001,54999.290105799998855