OID,SHED_NAME,ZONE_CODE,COUNT,AREA,MIN,MAX,RANGE,MEAN,STD,SUM
0,Tafuna Plain,1,2780,6950000.000000000000000,13.329999923700001,318.359985352000024,305.029985427999975,51.696244501899997,19.932897761400000,143715.559715000010328