,Variable,total_[m3pd],total_[MGD],total_[Mld],pct_of_pcip
0,actual_et,224903.2684613499,59.413158074271614,224.9031627059285,0.22315961438407306
1,direct_net_infiltation,52945.757662924,13.986789480251472,52.94573276643873,0.0525352741388069
2,direct_soil_moisture,7225.700456011108,1.9088281212066995,7.225697058297053,0.007169680273879029
3,interception,94622.08934736367,24.99651156772267,94.62204485357307,0.09388849310832396
4,net_infiltration,585940.0398163843,154.78898304067314,585.9397642919946,0.5813973013028213
5,rainfall,954867.7263408432,252.24936726456832,954.8672773369696,0.9474647258611931
6,runoff,100638.89820001072,26.5859843126527,100.63885087695866,0.09985865420275973
