,Variable,total_[m3pd],total_[MGD],pct_of_pcip
0,actual_et,0.0,0.0,0.0
1,direct_net_infiltation,57274.7020899211,15.130375615284079,0.03701273781566025
2,direct_soil_moisture,2481.585301696323,0.6555654829436609,0.001603679509230402
3,interception,125159.061658631,33.063526224518434,0.0808817744202665
4,net_infiltration,1104275.379453664,291.71869366710325,0.7136179430813606
5,rainfall,1490157.4920691373,393.657963432749,0.9629872621843397
6,runoff,312768.37647391704,82.6246640131492,0.2021208926985579
