OID,SHED_NAME,ZONE_CODE,COUNT,AREA,MIN,MAX,RANGE,MEAN,STD,SUM
0,Leone,1,1126,2815000.000000000000000,3.690000057220000,214.820007323999988,211.130007266999996,47.130515212100001,22.988180251599999,53068.960128799997619