OID,SHED_NAME,ZONE_CODE,COUNT,AREA,MIN,MAX,RANGE,MEAN,STD,SUM
0,Tafuna Plain,1,2780,6950000.000000000000000,11.430000305200000,302.750000000000000,291.319999694999979,48.990877699700000,19.205008663000001,136194.640004999993835