OID,SHED_NAME,ZONE_CODE,COUNT,AREA,MIN,MAX,RANGE,MEAN,STD,SUM
0,Tafuna Plain,1,2780,6950000.000000000000000,2.630000114440000,85.160003662099996,82.530003547700005,13.917942483599999,6.458233764660000,38691.880104500000016