,Variable,total_[m3pd],total_[MGD],pct_of_pcip
0,actual_et,227017.23330860466,59.971608507174,0.2274835647941435
1,direct_net_infiltation,43082.316837173414,11.381144071246435,0.04317081514418882
2,direct_soil_moisture,5912.410882730037,1.5618937189258806,0.005924555966651096
3,interception,102393.42510404103,27.049481286297745,0.10260375837849015
4,net_infiltration,562220.8768511909,148.52304307331949,0.5633757728601057
5,rainfall,954867.7263408432,252.24936726456832,0.9568291848558111
6,runoff,103310.20830029093,27.29166978507446,0.10352242480124049
