,Variable,total_[m3pd],total_[MGD],pct_of_pcip
0,actual_et,228270.0435328222,60.30256595567054,0.21579049774080772
1,direct_net_infiltation,43082.316837173414,11.381144071246435,0.04072700232689132
2,direct_soil_moisture,5912.410882730037,1.5618937189258806,0.005589178796687065
3,interception,104886.35389576192,27.708043402285263,0.09915220658435007
4,net_infiltration,600271.6423365071,158.57499189599582,0.5674547324509616
5,rainfall,1014749.4501899551,268.0684451692479,0.9592729976731087
6,runoff,121043.54912678481,31.97632283132611,0.11442608635866444
