,Variable,total_[m3pd],total_[MGD],pct_of_pcip
0,actual_et,185340.70136779212,48.96183351756572,0.176538911088791
1,direct_net_infiltation,35108.058416599175,9.274567856023097,0.03344078422908752
2,direct_soil_moisture,1388.3942986791953,0.36677497175200197,0.001322459750296944
3,interception,115747.34266971296,30.57721310037054,0.1102505261150545
4,net_infiltration,624088.6906607432,164.86679043957093,0.5944508521819101
5,rainfall,1014749.4501899551,268.0684451692479,0.9665592157709125
6,runoff,113988.66127892004,30.11261862742976,0.10857536412747472
