,Variable,total_[m3pd],total_[MGD],pct_of_pcip
0,actual_et,201951.74305538228,53.350006496620104,0.19236109795835726
1,direct_net_infiltation,35108.058416599175,9.274567856023097,0.03344078422908752
2,direct_soil_moisture,1388.3942986791953,0.36677497175200197,0.001322459750296944
3,interception,115747.34266971296,30.57721310037054,0.1102505261150545
4,net_infiltration,607726.7047314416,160.54441103140476,0.5788658934659235
5,rainfall,1014749.4501899551,268.0684451692479,0.9665592157709125
6,runoff,113988.66127892004,30.11261862742976,0.10857536412747472
