OID,SHED_NAME,ZONE_CODE,COUNT,AREA,MIN,MAX,RANGE,MEAN,STD,SUM
0,Tafuna Plain,1,2780,6950000.000000000000000,1.470000028610000,54.689998626700003,53.219998598099998,9.742399260810000,4.836325154190000,27083.869944999998552