OID,SHED_NAME,ZONE_CODE,COUNT,AREA,MIN,MAX,RANGE,MEAN,STD,SUM
0,Leone,1,1126,2815000.000000000000000,0.209999993443000,43.110000610400000,42.900000616900002,8.972673208340000,5.759843711240000,10103.230032600000413