OID,SHED_NAME,ZONE_CODE,COUNT,AREA,MIN,MAX,RANGE,MEAN,STD,SUM
0,Leone,1,1126,2815000.000000000000000,2.579999923710000,162.789993285999998,160.209993362000006,36.309955618899998,18.362281469300001,40885.010026900003140