OID,SHED_NAME,ZONE_CODE,COUNT,AREA,MIN,MAX,RANGE,MEAN,STD,SUM
0,Tafuna Plain,1,2780,6950000.000000000000000,3.119999885560000,85.160003662099996,82.040003776600003,13.962712262600000,6.633537426750000,38816.340089999997872