OID,SHED_NAME,ZONE_CODE,COUNT,AREA,MIN,MAX,RANGE,MEAN,STD,SUM
0,Leone,1,1126,2815000.000000000000000,0.389999985695000,60.240001678500001,59.850001692799999,12.560444022800000,7.778289724100000,14143.059969699999783