OID,SHED_NAME,ZONE_CODE,COUNT,AREA,MIN,MAX,RANGE,MEAN,STD,SUM
0,Tafuna Plain,1,2780,6950000.000000000000000,2.359999895100000,89.500000000000000,87.140000104899997,14.917431600200000,6.649595303000000,41470.459848600003170