OID,SHED_NAME,ZONE_CODE,COUNT,AREA,MIN,MAX,RANGE,MEAN,STD,SUM
0,Tafuna Plain,1,2780,6950000.000000000000000,15.680000305200000,334.619995116999974,318.939994812000009,55.577359790899997,21.472799821399999,154505.060219000006327