OID,SHED_NAME,ZONE_CODE,COUNT,AREA,MIN,MAX,RANGE,MEAN,STD,SUM
0,Leone,1,1126,2815000.000000000000000,0.519999980927000,71.330001831100006,70.810001850099994,14.445364107200000,8.960604710829999,16265.479984800000238