OID,SHED_NAME,ZONE_CODE,COUNT,AREA,MIN,MAX,RANGE,MEAN,STD,SUM
0,Leone,1,1126,2815000.000000000000000,6.460000038150000,225.669998168999996,219.209998130999992,52.181527612099998,23.736265293599999,58756.400091199997405