OID,SHED_NAME,ZONE_CODE,COUNT,AREA,MIN,MAX,RANGE,MEAN,STD,SUM
0,Tafuna Plain,1,2780,6950000.000000000000000,16.190000534100001,354.640014647999976,338.450014113999998,57.962960357100002,22.794386676500000,161137.029792999994243