OID,SHED_NAME,ZONE_CODE,COUNT,AREA,MIN,MAX,RANGE,MEAN,STD,SUM
0,Leone,1,1126,2815000.000000000000000,0.519999980927000,71.330001831100006,70.810001850099994,14.802833029500000,9.040667618040001,16667.989991200000077