OID,SHED_NAME,ZONE_CODE,COUNT,AREA,MIN,MAX,RANGE,MEAN,STD,SUM
0,Tafuna Plain,1,2780,6950000.000000000000000,3.140000104900000,89.500000000000000,86.359999895100003,15.956298525299999,7.380602340580000,44358.509900299999572