,Variable,total_[m3pd],total_[MGD],total_[Mld],pct_of_pcip
0,actual_et,207310.93742360407,54.765755873355495,207.31083994055862,0.2280618868372886
1,direct_net_infiltation,48016.147804545704,12.684524325262629,48.01612522609241,0.05282236143955617
2,direct_soil_moisture,5912.410882730037,1.5618937189258806,5.912408102559218,0.0065042182454537745
3,interception,98599.08196931757,26.047121871987617,98.59903560544065,0.1084684337150981
4,net_infiltration,527352.2024092554,139.31171377325177,527.351954434405,0.5801379309935092
5,rainfall,860995.6134263462,227.4509785105456,860.9952085636045,0.9471776385604438
6,runoff,70943.61274398725,18.741319800084536,70.94357938443801,0.07804476880246584
