OID,SHED_NAME,ZONE_CODE,COUNT,AREA,MIN,MAX,RANGE,MEAN,STD,SUM
0,Tafuna Plain,1,2780,6950000.000000000000000,8.369999885560000,269.630004883000026,261.260004997000010,43.383694268299998,17.896323942500000,120606.670066000006045