OID,SHED_NAME,ZONE_CODE,COUNT,AREA,MIN,MAX,RANGE,MEAN,STD,SUM
0,Leone,1,1126,2815000.000000000000000,7.559999942780000,151.300003051999994,143.740003109000014,31.273383612300002,17.202644647700001,35213.829947500002163