,Base,PctCng_2_scn1_noclimate_out,PctCng_3_scn2_noclimate_out,PctCng_4_scn3_noclimate_out
actual_et,225232.4349291465,0.07944733003993604,-0.1100144329904734,0.004834444184745504
direct_net_infiltation,55702.576323926616,0.15009887781131093,-0.0493125875637012,0.10905709352052115
direct_soil_moisture,2396.6465753418897,1.945557491286718,-0.4368466898952955,1.4233449477356301
interception,124536.88196902374,-0.07701673859494022,0.09177427051177099,-0.004821972440613689
net_infiltration,877977.3132504108,-0.0035599359594431067,0.005973414555480951,-0.006611222728392487
rainfall,1477707.2944296568,0.0,0.0,0.0
runoff,309382.8733110123,0.029364416498479286,0.005997286770331304,0.05295747018681225
