,Base,PctCng_6_FutureClimate_RCP45_out,PctCng_7_FutureClimate_RCP85_out,PctCng_8_Future_Present_Scn1_out,PctCng_9_Future_Present_Scn2_out,PctCng_10_Future_Present_Scn3_out,PctCng_11_Future_RCP4.5_Scn1_out,PctCng_12_Future_RCP4.5_Scn2_out,PctCng_13_Future_RCP4.5_Scn3_out,PctCng_14_Future_RCP8.5_Scn1_out,PctCng_15_Future_RCP8.5_Scn2_out,PctCng_16_Future_RCP8.5_Scn3_out
actual_et,221083.08395324912,1.012062527930695,1.0063786574991254,1.0796486505347178,0.8925382887686786,1.0061623277226426,1.0928790245452735,0.9017944497248424,1.0178313060558843,1.0866622818007141,0.8974206594528864,1.012303786678559
direct_net_infiltation,40877.37425793378,1.0738309655432416,1.0562221664515963,1.1948328926633864,0.9335551601537571,1.1335298176259412,1.271124264311387,1.0065340424555103,1.211001583497935,1.2527796172843881,0.9893574804915763,1.1922421123861362
direct_soil_moisture,2396.6465753418897,1.0,1.0,2.945557491286718,0.5631533101047045,2.42334494773563,2.945557491286718,0.5631533101047045,2.42334494773563,2.945557491286718,0.5631533101047045,2.42334494773563
interception,98682.0358691882,1.0638388003330248,1.0385226767168143,0.9194487149288256,1.0970454621725376,0.9948420338370284,0.977822494265242,1.1670594572468513,1.058267031892103,0.9549119664763576,1.1390462496631735,1.0331444461938908
net_infiltration,502304.71115337126,1.2005880619897138,1.1217596297171788,1.0011109619872784,1.0154267884069113,1.0060477026131478,1.199377448609994,1.21524465758661,1.2018042621341654,1.121625086810872,1.1365860500443752,1.125124223968639
rainfall,853166.2110453834,1.1785346457276278,1.1090996024294764,1.0,1.0,1.0,1.1785346457276278,1.1785346457276278,1.1785346457276278,1.1090996024294764,1.1090996024294764,1.1090996024294764
runoff,64056.88982853504,1.725474442398827,1.4733968682187522,1.0495955443485232,1.0123708238410536,1.083430703156975,1.8010413167505346,1.7414379773998114,1.8558238642499028,1.537871486292614,1.48785959312594,1.5832071293072656
