,Base,PctCng_6_FutureClimate_RCP45_out,PctCng_7_FutureClimate_RCP85_out,PctCng_8_Future_Present_Scn1_out,PctCng_9_Future_Present_Scn2_out,PctCng_10_Future_Present_Scn3_out,PctCng_11_Future_RCP4.5_Scn1_out,PctCng_12_Future_RCP4.5_Scn2_out,PctCng_13_Future_RCP4.5_Scn3_out,PctCng_14_Future_RCP8.5_Scn1_out,PctCng_15_Future_RCP8.5_Scn2_out,PctCng_16_Future_RCP8.5_Scn3_out
actual_et,221083.08395324912,0.012062527930695007,0.006378657499125445,0.0796486505347179,-0.10746171123132148,0.006162327722642689,0.09287902454527343,-0.09820555027515761,0.017831306055884254,0.08666228180071417,-0.10257934054711361,0.012303786678558895
direct_net_infiltation,40877.37425793378,0.07383096554324171,0.056222166451596306,0.19483289266338644,-0.06644483984624296,0.1335298176259411,0.2711242643113869,0.00653404245551022,0.21100158349793502,0.2527796172843881,-0.01064251950842367,0.19224211238613628
direct_soil_moisture,2396.6465753418897,0.0,0.0,1.945557491286718,-0.4368466898952955,1.4233449477356301,1.945557491286718,-0.4368466898952955,1.4233449477356301,1.945557491286718,-0.4368466898952955,1.4233449477356301
interception,98682.0358691882,0.0638388003330249,0.03852267671681438,-0.08055128507117434,0.09704546217253764,-0.005157966162971611,-0.02217750573475795,0.1670594572468513,0.058267031892103,-0.045088033523642435,0.13904624966317353,0.03314444619389076
net_infiltration,502304.71115337126,0.20058806198971385,0.12175962971717891,0.00111096198727837,0.015426788406911304,0.006047702613147722,0.19937744860999398,0.21524465758661013,0.20180426213416533,0.12162508681087199,0.1365860500443752,0.12512422396863906
rainfall,853166.2110453834,0.1785346457276277,0.10909960242947635,0.0,0.0,0.0,0.1785346457276277,0.1785346457276277,0.1785346457276277,0.10909960242947635,0.10909960242947635,0.10909960242947635
runoff,64056.88982853504,0.7254744423988271,0.4733968682187521,0.049595544348523216,0.012370823841053528,0.08343070315697498,0.8010413167505346,0.7414379773998114,0.8558238642499029,0.5378714862926139,0.48785959312593985,0.5832071293072656
