,Variable,total_[m3pd],total_[MGD],pct_of_pcip
0,actual_et,0.0,0.0,0.0
1,direct_net_infiltation,37820.95261279446,9.991238684419812,0.024752281515769272
2,direct_soil_moisture,2481.585301696323,0.6555654829436609,0.00162409706127294
3,interception,125159.061658631,33.063526224518434,0.08191153618314587
4,net_infiltration,1084821.63000034,286.57955674252696,0.7099718152281654
5,rainfall,1490157.4920691373,393.657963432749,0.9752477184842308
6,runoff,312768.37647391704,82.6246640131492,0.20469423345760862
