,Variable,total_[m3pd],total_[MGD],pct_of_pcip
0,actual_et,228357.81660240339,60.32575314762808,0.14762400947137033
1,direct_net_infiltation,56730.56103370339,14.98662875553882,0.03667399261369291
2,direct_soil_moisture,2481.585301696323,0.6555654829436609,0.001604243627532458
3,interception,125159.061658631,33.063526224518434,0.08091022579661111
4,net_infiltration,883772.2990049303,233.4679422921145,0.5713227257991985
5,rainfall,1490157.4920691373,393.657963432749,0.9633260073863071
6,runoff,312768.37647391704,82.6246640131492,0.20219199175179323
