,Variable,total_[m3pd],total_[MGD],pct_of_pcip
0,actual_et,208341.38593958548,55.03797157295936,0.19793582014544675
1,direct_net_infiltation,37820.95261279446,9.991238684419812,0.0359319932539297
2,direct_soil_moisture,2481.585301696323,0.6555654829436609,0.0023576430565484647
3,interception,105535.59020571553,27.879553490932373,0.1002646378092134
4,net_infiltration,618485.047144376,163.38646442960453,0.5875949442407791
5,rainfall,1014749.4501899551,268.0684451692479,0.9640680067460703
6,runoff,112406.92800851175,29.6947689026613,0.10679278812058396
