,Variable,total_[m3pd],total_[MGD],pct_of_pcip
0,actual_et,226824.69793871048,59.92074604330377,0.2154959870947627
1,direct_net_infiltation,37820.95261279446,9.991238684419812,0.0359319932539297
2,direct_soil_moisture,2481.585301696323,0.6555654829436609,0.0023576430565484647
3,interception,105535.59020571553,27.879553490932373,0.1002646378092134
4,net_infiltration,600356.3611264473,158.59737223263127,0.5703716915541596
5,rainfall,1014749.4501899551,268.0684451692479,0.9640680067460703
6,runoff,112406.92800851175,29.6947689026613,0.10679278812058396
