OID,SHED_NAME,ZONE_CODE,COUNT,AREA,MIN,MAX,RANGE,MEAN,STD,SUM
0,Leone,1,1126,2815000.000000000000000,3.690000057220000,214.820007323999988,211.130007266999996,47.956421063599997,23.049280153300000,53998.930117600000813