OID,SHED_NAME,ZONE_CODE,COUNT,AREA,MIN,MAX,RANGE,MEAN,STD,SUM
0,Tafuna Plain,1,2780,6950000.000000000000000,12.810000419600000,318.359985352000024,305.549984931999973,51.045172462200000,20.579997104600000,141905.579445000010310