OID,SHED_NAME,ZONE_CODE,COUNT,AREA,MIN,MAX,RANGE,MEAN,STD,SUM
0,Leone,1,1126,2815000.000000000000000,0.389999985695000,60.240001678500001,59.850001692799999,12.480701572699999,7.734119435550000,14053.269970900000772