OID,SHED_NAME,ZONE_CODE,COUNT,AREA,MIN,MAX,RANGE,MEAN,STD,SUM
0,Tafuna Plain,1,2780,6950000.000000000000000,8.369999885560000,269.630004883000026,261.260004997000010,41.008183471099997,18.286077452699999,114002.750050000002375