,Variable,total_[m3pd],total_[MGD],pct_of_pcip
0,actual_et,200961.71224196846,53.08846802446641,0.2029965937916419
1,direct_net_infiltation,35108.058416599175,9.274567856023097,0.035463552702151326
2,direct_soil_moisture,1388.3942986791953,0.36677497175200197,0.00140245278728648
3,interception,112965.60092588847,29.842354673997573,0.11410945870112024
4,net_infiltration,568597.0203575732,150.20744199131045,0.5743544732226831
5,rainfall,954867.7263408432,252.24936726456832,0.9645364472978487
6,runoff,97488.61813622428,25.75376836181988,0.09847576035418919
