,Variable,total_[m3pd],total_[MGD],total_[Mld],pct_of_pcip
0,actual_et,209326.97625964638,55.298336990869295,209.32687782860654,0.19637930062303816
1,direct_net_infiltation,51182.52734296257,13.520993307354944,51.18250327559448,0.04801669189193827
2,direct_soil_moisture,5912.410882730037,1.5618937189258806,5.912408102559218,0.005546705612879929
3,interception,104886.35389576192,27.708043402285263,104.88630457544465,0.098398730975798
4,net_infiltration,626983.5702785695,165.63153673034998,626.9832754544342,0.588202233813937
5,rainfall,1014749.4501899551,268.0684451692479,1014.7489730281228,0.9519833081080618
6,runoff,121043.54912678481,31.97632283132611,121.04349220893018,0.11355654176633123
