,Variable,total_[m3pd],total_[MGD],pct_of_pcip
0,actual_et,222216.58849307612,58.70341231227323,0.24508048733233054
1,direct_net_infiltation,45712.99855608865,12.076096660767682,0.05041641598191219
2,direct_soil_moisture,7225.700456011108,1.9088281212066995,0.007969153883090158
3,interception,91109.81567581517,24.068667022485776,0.10048411857102797
4,net_infiltration,521281.01257159456,137.7078750918862,0.5749156958285216
5,rainfall,860995.6134263462,227.4509785105456,0.9495835840180878
6,runoff,69011.90012045886,18.231015311221665,0.07611254509822146
