,Variable,total_[m3pd],total_[MGD],pct_of_pcip
0,actual_et,225541.43286132105,59.581743273732044,0.22720258389473855
1,direct_net_infiltation,37820.95261279446,9.991238684419812,0.038099510364780584
2,direct_soil_moisture,2481.585301696323,0.6555654829436609,0.0024998625997347777
3,interception,103020.39313217846,27.215108717228766,0.10377915585858102
4,net_infiltration,561139.0738808688,148.23726096210038,0.5652719586490581
5,rainfall,954867.7263408432,252.24936726456832,0.9619004896352195
6,runoff,96034.92326528777,25.369742803856276,0.09674223681740302
