,Variable,total_[m3pd],total_[MGD],pct_of_pcip
0,actual_et,211630.00444388267,55.90673267358054,0.1285122116478537
1,direct_net_infiltation,37820.95261279446,9.991238684419812,0.022966754074740473
2,direct_soil_moisture,2481.585301696323,0.6555654829436609,0.0015069414015835652
3,interception,128836.82208815789,34.03508774629478,0.0782360941291792
4,net_infiltration,944289.0151005916,249.4547674019738,0.5734190200687223
5,rainfall,1608948.6557399628,425.03926897484394,0.9770332459252595
6,runoff,366360.72020369576,96.78226346188836,0.22247235942747434
