,Variable,total_[m3pd],total_[MGD],pct_of_pcip
0,actual_et,207310.93742360407,54.765755873355495,0.22930649060659772
1,direct_net_infiltation,43082.316837173414,11.381144071246435,0.04765332212524625
2,direct_soil_moisture,5912.410882730037,1.5618937189258806,0.006539713762293361
3,interception,98599.08196931757,26.047121871987617,0.10906037927568703
4,net_infiltration,522418.37155518885,138.00833354916776,0.5778466148409517
5,rainfall,860995.6134263462,227.4509785105456,0.9523466778747538
6,runoff,70943.61274398725,18.741319800084536,0.0784706830785137
