,Variable,total_[m3pd],total_[MGD],total_[Mld],pct_of_pcip
0,actual_et,185877.92749796572,49.10375364710407,185.87784009328422,0.18646973803451064
1,direct_net_infiltation,41958.51183172618,11.084266196193372,41.958492101732354,0.042092102138730395
2,direct_soil_moisture,1388.3942986791953,0.36677497175200197,1.388393645819746,0.00139281476100034
3,interception,112965.60092588847,29.842354673997573,112.96554780649716,0.11332526833661856
4,net_infiltration,590287.6714286492,155.93750580779596,590.2873938598889,0.5921670686666449
5,rainfall,954867.7263408432,252.24936726456832,954.8672773369696,0.9579078978612696
6,runoff,97488.61813622428,25.75376836181988,97.4885722945166,0.09779900889742346
