,Variable,total_[m3pd],total_[MGD],pct_of_pcip
0,actual_et,209206.48906105186,55.26650764030006,0.14054021420884782
1,direct_net_infiltation,37820.95261279446,9.991238684419812,0.02540726535606482
2,direct_soil_moisture,2481.585301696323,0.6555654829436609,0.0016670731937772328
3,interception,122996.0883567437,32.492129127559195,0.08262600592404502
4,net_infiltration,876091.5007598115,231.4388900538085,0.5885385665422811
5,rainfall,1450767.1375559275,383.2521326268836,0.9745927346439351
6,runoff,279214.6038074291,73.76069501411789,0.18757009118337223
