,Variable,total_[m3pd],total_[MGD],pct_of_pcip
0,actual_et,224090.5249216679,59.198453945126126,0.24931730609859437
1,direct_net_infiltation,37820.95261279446,9.991238684419812,0.04207861096670917
2,direct_soil_moisture,2481.585301696323,0.6555654829436609,0.0027609474451856706
3,interception,99200.52006035643,26.206005007031607,0.11036792579103015
4,net_infiltration,501869.13804038323,132.57980035143845,0.558366586690758
5,rainfall,860995.6134263462,227.4509785105456,0.9579213890332908
6,runoff,65410.14508205639,17.279532289630165,0.07277363096488364
