,Variable,total_[m3pd],total_[MGD],pct_of_pcip
0,actual_et,228357.81660240339,60.32575314762808,0.1457905396117188
1,direct_net_infiltation,76184.31042768063,20.12576566443734,0.04863836890916113
2,direct_soil_moisture,2481.585301696323,0.6555654829436609,0.0015843191426932273
3,interception,125159.061658631,33.063526224518434,0.07990533193912207
4,net_infiltration,903226.0484446026,238.60707921308435,0.5766468385155912
5,rainfall,1490157.4920691373,393.657963432749,0.9513616310908389
6,runoff,312768.37647391704,82.6246640131492,0.19968079506998437
