,Variable,total_[m3pd],total_[MGD],total_[Mld],pct_of_pcip
0,actual_et,183600.9418655387,48.5022376787602,183.60085553155568,0.2038485911437144
1,direct_net_infiltation,39677.48338254471,10.481682228649037,39.67746472515035,0.04405314594509718
2,direct_soil_moisture,1388.3942986791953,0.36677497175200197,1.388393645819746,0.0015415074610292167
3,interception,108801.35753906661,28.742277950819556,108.80130637781185,0.12080005267677335
4,net_infiltration,530202.2453009696,140.0646154540602,530.201995985954,0.5886733457227605
5,rainfall,860995.6134263462,227.4509785105456,860.9952085636045,0.9559468540549029
6,runoff,66694.19003378606,17.618741080207148,66.69415867242694,0.074049275225479
