,Variable,total_[m3pd],total_[MGD],total_[Mld],pct_of_pcip
0,actual_et,222216.58849307612,58.70341231227323,222.21648400100221,0.2437727425419643
1,direct_net_infiltation,50577.13328803516,13.361065117210357,50.57710950533926,0.05548337581430816
2,direct_soil_moisture,7225.700456011108,1.9088281212066995,7.225697058297053,0.007926630630473535
3,interception,91109.81567581517,24.068667022485776,91.10977283358788,0.0999479372372704
4,net_infiltration,526145.1472604958,138.9928435369575,526.1448998532344,0.5771839374936363
5,rainfall,860995.6134263462,227.4509785105456,860.9952085636045,0.9445166241856918
6,runoff,69011.90012045886,18.231015311221665,69.0118676692516,0.07570641001412257
