OID,SHED_NAME,ZONE_CODE,COUNT,AREA,MIN,MAX,RANGE,MEAN,STD,SUM
0,Leone,1,1126,2815000.000000000000000,18.250000000000000,225.669998168999996,207.419998168999996,53.073996503200000,23.814957576600001,59761.320062600003439