OID,SHED_NAME,ZONE_CODE,COUNT,AREA,MIN,MAX,RANGE,MEAN,STD,SUM
0,Tafuna Plain,1,2780,6950000.000000000000000,3.140000104900000,89.500000000000000,86.359999895100003,16.161240964299999,7.083883645150000,44928.249880800001847