OID,SHED_NAME,ZONE_CODE,COUNT,AREA,MIN,MAX,RANGE,MEAN,STD,SUM
0,Leone,1,1126,2815000.000000000000000,2.490000009540000,71.330001831100006,68.840001821499996,15.095888079200000,9.070430661830001,16997.969977100001415