,Variable,total_[m3pd],total_[MGD],pct_of_pcip
0,actual_et,224903.2684613499,59.413158074271614,0.22477273733662698
1,direct_net_infiltation,45712.99855608865,12.076096660767682,0.04568646728708217
2,direct_soil_moisture,7225.700456011108,1.9088281212066995,0.007221506747249619
3,interception,94622.08934736367,24.99651156772267,0.09456717183624593
4,net_infiltration,578707.2807498062,152.8782902318242,0.5783714060746251
5,rainfall,954867.7263408432,252.24936726456832,0.9543135327129179
6,runoff,100638.89820001072,26.5859843126527,0.10058048860613157
