,Variable,total_[m3pd],total_[MGD],pct_of_pcip
0,actual_et,243407.28732282363,64.30140271894638,0.24326601669035408
1,direct_net_infiltation,45712.99855608865,12.076096660767682,0.04568646728708217
2,direct_soil_moisture,7225.700456011108,1.9088281212066995,0.007221506747249619
3,interception,94622.08934736367,24.99651156772267,0.09456717183624593
4,net_infiltration,560603.7606383067,148.0958461640088,0.5602783930262634
5,rainfall,954867.7263408432,252.24936726456832,0.9543135327129179
6,runoff,100638.89820001072,26.5859843126527,0.10058048860613157
