OID,SHED_NAME,ZONE_CODE,COUNT,AREA,MIN,MAX,RANGE,MEAN,STD,SUM
0,Tafuna Plain,1,2780,6950000.000000000000000,1.309999942780000,54.689998626700003,53.379998683899998,9.031449625860001,4.359658155890000,25107.429959900000540