OID,SHED_NAME,ZONE_CODE,COUNT,AREA,MIN,MAX,RANGE,MEAN,STD,SUM
0,Tafuna Plain,1,2780,6950000.000000000000000,8.609999656679999,218.399993896000012,209.789994239999999,37.060568332000003,15.104108767900000,103028.379962999999407