,Variable,total_[m3pd],total_[MGD],pct_of_pcip
0,actual_et,224468.64400430553,59.29834243932784,0.21167052569351336
1,direct_net_infiltation,45712.99855608865,12.076096660767682,0.04310666408805189
2,direct_soil_moisture,7225.700456011108,1.9088281212066995,0.006813725902840994
3,interception,96895.29009910674,25.597027676367283,0.09137078848353539
4,net_infiltration,619167.9496223821,163.5668681789705,0.5838659825763038
5,rainfall,1014749.4501899551,268.0684451692479,0.9568933359119481
6,runoff,117758.48952644753,31.108501893669157,0.11104446901037603
