OID,SHED_NAME,ZONE_CODE,COUNT,AREA,MIN,MAX,RANGE,MEAN,STD,SUM
0,Leone,1,1126,2815000.000000000000000,1.220000028610000,43.110000610400000,41.890000581700001,9.169511585850000,5.782341779380000,10324.870045699999537