OID,SHED_NAME,ZONE_CODE,COUNT,AREA,MIN,MAX,RANGE,MEAN,STD,SUM
0,Tafuna Plain,1,2780,6950000.000000000000000,1.769999980930000,54.689998626700003,52.919998645800000,9.854151056570000,4.660053984350000,27394.539937300000020