OID,SHED_NAME,ZONE_CODE,COUNT,AREA,MIN,MAX,RANGE,MEAN,STD,SUM
0,Leone,1,1126,2815000.000000000000000,11.420000076299999,162.789993285999998,151.369993209999990,37.020373041200003,18.456113716000001,41684.940044399998442