,Variable,total_[m3pd],total_[MGD],pct_of_pcip
0,actual_et,185762.8377767696,49.073350159218236,0.12501913907727974
1,direct_net_infiltation,35108.058416599175,9.274567856023097,0.023627864918776335
2,direct_soil_moisture,1388.3942986791953,0.36677497175200197,0.0009343949629433523
3,interception,134781.32606604917,35.605459564044885,0.09070837606777118
4,net_infiltration,878810.3899970185,232.15714460449493,0.5914429370508635
5,rainfall,1450767.1375559275,383.2521326268836,0.9763721350812237
6,runoff,282153.20892974833,74.53699236117143,0.18989024764295565
