,Variable,total_[m3pd],total_[MGD],total_[Mld],pct_of_pcip
0,actual_et,224468.64400430553,59.29834243932784,224.468538453256,0.2100891165624222
1,direct_net_infiltation,53695.44442033208,14.184835769790965,53.69541917132442,0.05025569843722953
2,direct_soil_moisture,7225.700456011108,1.9088281212066995,7.225697058297053,0.0067628199567996115
3,interception,96895.29009910674,25.597027676367283,96.89524453639748,0.09068814927928415
4,net_infiltration,627150.3954486641,165.67560727796544,627.1501005460832,0.5869749564177718
5,rainfall,1014749.4501899551,268.0684451692479,1014.7489730281228,0.9497443015627705
6,runoff,117758.48952644753,31.108501893669157,117.75843415331417,0.11021484600700879
