,Variable,total_[m3pd],total_[MGD],total_[Mld],pct_of_pcip
0,actual_et,209206.48906105186,55.26650764030006,209.20639068666827,0.138785439335269
1,direct_net_infiltation,56642.357727393966,14.963327907061664,56.6423310926703,0.03757595922317571
2,direct_soil_moisture,2481.585301696323,0.6555654829436609,2.4815841347897636,0.0016462582393577815
3,interception,122996.0883567437,32.492129127559195,122.99603052075386,0.08159434363495652
4,net_infiltration,894912.905969156,236.41097930147933,894.9124851576129,0.5936760440804805
5,rainfall,1450767.1375559275,383.2521326268836,1450.7664553671316,0.9624240407768243
6,runoff,279214.6038074291,73.76069501411789,279.214472513392,0.18522810469291226
